PRAGMA foreign_keys=OFF;
BEGIN TRANSACTION;
CREATE TABLE location (id TEXT PRIMARY KEY NOT NULL, name TEXT NOT NULL, status INTEGER NOT NULL DEFAULT 0, timestamp DATETIME DEFAULT CURRENT_TIMESTAMP NOT NULL);
INSERT INTO "location" VALUES('NoLocation','No location selected',1,'2016-12-03 22:04:57');
INSERT INTO "location" VALUES('TestLocation1','Dipsu dapsu',1,'2016-12-03 22:04:57');
INSERT INTO "location" VALUES('TestLocation2','Bopsu topsu',1,'2016-12-03 22:04:57');
INSERT INTO "location" VALUES('TestLocation3','Zopsu bopsu',1,'2016-12-03 22:04:57');
INSERT INTO "location" VALUES('TestLocation4','Copsu ropsu',1,'2016-12-03 22:04:57');
CREATE TABLE box (id TEXT PRIMARY KEY NOT NULL, location_id TEXT NOT NULL, name TEXT NOT NULL, status INTEGER NOT NULL DEFAULT 0, occupancy INTEGER NOT NULL, timestamp DATETIME DEFAULT CURRENT_TIMESTAMP NOT NULL, FOREIGN KEY(location_id) REFERENCES location(id));
INSERT INTO "box" VALUES('NoBox','NoLocation','No box selected',1,0,'2016-12-03 22:04:57');
INSERT INTO "box" VALUES('TestBox1','TestLocation1','Ropsu bopsu',1,25,'2016-12-03 22:04:57');
INSERT INTO "box" VALUES('TestBox2','TestLocation2','Topus ropsu',1,25,'2016-12-03 22:04:57');
INSERT INTO "box" VALUES('TestBox3','TestLocation3','Wopus popsu',2,50,'2016-12-03 22:04:57');
INSERT INTO "box" VALUES('TestBox4','TestLocation4','Copus fopsu',2,50,'2016-12-03 22:04:57');
INSERT INTO "box" VALUES('TestBox5','TestLocation1','Vopus bopsu',3,75,'2016-12-03 22:04:57');
INSERT INTO "box" VALUES('TestBox6','TestLocation2','Sopus sopsu',4,75,'2016-12-03 22:04:57');
INSERT INTO "box" VALUES('TestBox7','TestLocation3','Hopus wopsu',0,100,'2016-12-03 22:04:57');
INSERT INTO "box" VALUES('TestBox8','TestLocation4','Popus lopsu',5,100,'2016-12-03 22:04:57');
CREATE TABLE item (id TEXT PRIMARY KEY NOT NULL, box_id TEXT NOT NULL, year INTEGER NOT NULL, number INTEGER NOT NULL, name TEXT NOT NULL, status INTEGER NOT NULL DEFAULT 0, timestamp DATETIME DEFAULT CURRENT_TIMESTAMP NOT NULL, FOREIGN KEY(box_id) REFERENCES box(id));
INSERT INTO "item" VALUES('69_1','NoBox',2099,1,'Test item 0',0,'2016-12-03 22:04:57');
INSERT INTO "item" VALUES('15_1','TestBox1',2099,1,'Test item 1',0,'2016-12-03 22:04:57');
INSERT INTO "item" VALUES('16_1','TestBox1',2099,1,'Test item 2',0,'2016-12-03 22:04:57');
INSERT INTO "item" VALUES('15_2','TestBox1',2099,1,'Test item 3',1,'2016-12-03 22:04:57');
INSERT INTO "item" VALUES('16_2','TestBox1',2099,1,'Test item 4',1,'2016-12-03 22:04:57');
INSERT INTO "item" VALUES('15_3','TestBox1',2099,1,'Test item 5',2,'2016-12-03 22:04:57');
INSERT INTO "item" VALUES('16_3','TestBox1',2099,1,'Test item 6',2,'2016-12-03 22:04:57');
INSERT INTO "item" VALUES('15_4','TestBox1',2099,1,'Test item 7',3,'2016-12-03 22:04:57');
INSERT INTO "item" VALUES('16_4','TestBox1',2099,1,'Test item 8',3,'2016-12-03 22:04:57');
INSERT INTO "item" VALUES('15_5','TestBox1',2099,1,'Test item 9',4,'2016-12-03 22:04:57');
INSERT INTO "item" VALUES('16_5','TestBox1',2099,1,'Test item 10',4,'2016-12-03 22:04:57');
INSERT INTO "item" VALUES('15_6','TestBox1',2099,1,'Test item 11',5,'2016-12-03 22:04:57');
INSERT INTO "item" VALUES('16_6','TestBox1',2099,1,'Test item 12',5,'2016-12-03 22:04:57');
INSERT INTO "item" VALUES('15_9','TestBox1',2099,1,'Test item 13',1,'2016-12-03 22:04:57');
INSERT INTO "item" VALUES('16_7','TestBox1',2099,1,'Test item 14',1,'2016-12-03 22:04:57');
INSERT INTO "item" VALUES('15_8','TestBox1',2099,1,'Test item 15',1,'2016-12-03 22:04:57');
INSERT INTO "item" VALUES('16_9','TestBox2',2099,1,'Test item 16',1,'2016-12-03 22:04:57');
CREATE TABLE picture (id TEXT PRIMARY KEY NOT NULL, owner_id TEXT NOT NULL, picture BLOB NOT NULL, timestamp DATETIME DEFAULT CURRENT_TIMESTAMP NOT NULL);
CREATE TABLE status (object TEXT NOT NULL, code INTEGER NOT NULL, text TEXT NOT NULL);
INSERT INTO "status" VALUES('item',-1,'Tuntematon');
INSERT INTO "status" VALUES('item',1,'Laatikossa');
INSERT INTO "status" VALUES('item',2,'Käytössä');
INSERT INTO "status" VALUES('item',10,'Kadonnut');
INSERT INTO "status" VALUES('item',11,'Lainassa');
INSERT INTO "status" VALUES('item',99,'Poistettu');
INSERT INTO "status" VALUES('box',-1,'Tuntematon');
INSERT INTO "status" VALUES('box',1,'Paikoillaan');
INSERT INTO "status" VALUES('box',2,'Käytössä');
INSERT INTO "status" VALUES('box',10,'Kadonnut');
INSERT INTO "status" VALUES('box',11,'Lainassa');
INSERT INTO "status" VALUES('box',99,'Poistettu');
INSERT INTO "status" VALUES('location',-1,'Tuntematon');
INSERT INTO "status" VALUES('location',1,'Käytössä');
INSERT INTO "status" VALUES('location',0,'Ei käytössä');
INSERT INTO "status" VALUES('location',99,'Poistettu');
COMMIT;
